Path,ID,Claude_Dy,Claude_Ro,Claude_V,Claude_D,Claude_G,Claude_Re,ChatGPT_Dy,ChatGPT_Ro,ChatGPT_V,ChatGPT_D,ChatGPT_G,ChatGPT_Re,Gemini_Dy,Gemini_Ro,Gemini_V,Gemini_D,Gemini_G,Gemini_Re,Grok_Dy,Grok_Ro,Grok_V,Grok_D,Grok_G,Grok_Re,CRO_Dy,CRO_Ro,CRO_V,CRO_D,CRO_G,CRO_Re
1,101,,九덢잺,,,九덢잺,九덢잺,,九덢잺,九덢잺,,,九덢잺,,,,,,,九덢잺,九덢잺,九덢잺,,,九덢잺,,,,,,
1,102,,九덢잺,九덢잺,,九덢잺,九덢잺,九덢잺,九덢잺,九덢잺,,,九덢잺,九덢잺,九덢잺,九덢잺,,九덢잺,九덢잺,九덢잺,九덢잺,九덢잺,,,九덢잺,,,,,,
1,103,,九덢잺,,,九덢잺,九덢잺,九덢잺,九덢잺,九덢잺,,,九덢잺,,,,,,,九덢잺,九덢잺,九덢잺,,,九덢잺,,,,,,
1,104,,九덢잺,九덢잺,,九덢잺,九덢잺,九덢잺,九덢잺,九덢잺,,九덢잺,九덢잺,九덢잺,九덢잺,,,九덢잺,九덢잺,九덢잺,九덢잺,九덢잺,,九덢잺,九덢잺,,,,,,
1,105,,九덢잺,,,九덢잺,九덢잺,九덢잺,九덢잺,九덢잺,,,九덢잺,,,,,,,九덢잺,九덢잺,九덢잺,,,九덢잺,,,,,,
1,106,,九덢잺,九덢잺,,九덢잺,九덢잺,九덢잺,九덢잺,九덢잺,,九덢잺,九덢잺,,,,,,,九덢잺,九덢잺,九덢잺,,九덢잺,九덢잺,,,,,,
1,107,,九덢잺,,,九덢잺,九덢잺,九덢잺,九덢잺,九덢잺,,,九덢잺,,,,,,,九덢잺,九덢잺,九덢잺,,,九덢잺,,,,,,
1,108,,九덢잺,九덢잺,,九덢잺,九덢잺,九덢잺,九덢잺,九덢잺,,,九덢잺,九덢잺,九덢잺,,,,九덢잺,九덢잺,九덢잺,九덢잺,,九덢잺,九덢잺,,,,,,
1,109,,九덢잺,,,九덢잺,九덢잺,,九덢잺,九덢잺,,,九덢잺,,,,,,,九덢잺,九덢잺,九덢잺,,,九덢잺,,,,,,
1,110,,九덢잺,九덢잺,,九덢잺,九덢잺,九덢잺,九덢잺,九덢잺,,九덢잺,九덢잺,九덢잺,九덢잺,,,九덢잺,九덢잺,九덢잺,九덢잺,九덢잺,,九덢잺,九덢잺,,,,,,
1,201,,九덢잺,,,九덢잺,九덢잺,,九덢잺,九덢잺,,,九덢잺,,,,,,,,九덢잺,九덢잺,,,九덢잺,,,,,,
1,202,,九덢잺,九덢잺,,九덢잺,九덢잺,九덢잺,九덢잺,九덢잺,,九덢잺,九덢잺,,九덢잺,,,,九덢잺,九덢잺,九덢잺,九덢잺,,九덢잺,九덢잺,,,,,,
1,203,,,,,,,,九덢잺,九덢잺,,,九덢잺,,,,,,,,九덢잺,九덢잺,,,九덢잺,,,,,,
1,204,,九덢잺,九덢잺,,九덢잺,九덢잺,九덢잺,九덢잺,九덢잺,,九덢잺,九덢잺,,,,,,,九덢잺,九덢잺,九덢잺,,九덢잺,九덢잺,,,,,,
1,205,,九덢잺,九덢잺,,九덢잺,九덢잺,,九덢잺,九덢잺,,,九덢잺,,,,,,,,九덢잺,九덢잺,,,九덢잺,,,,,,
1,206,,九덢잺,九덢잺,,九덢잺,九덢잺,九덢잺,九덢잺,九덢잺,,九덢잺,九덢잺,,,,,,,九덢잺,九덢잺,九덢잺,,,九덢잺,,,,,,
1,207,,九덢잺,,,九덢잺,九덢잺,,九덢잺,,,,九덢잺,,,,,,,,九덢잺,九덢잺,,,九덢잺,,,,,,
1,208,,九덢잺,九덢잺,,九덢잺,九덢잺,,,九덢잺,,,九덢잺,,,,,,,九덢잺,九덢잺,九덢잺,,九덢잺,九덢잺,,,,,,
1,209,,九덢잺,,,九덢잺,九덢잺,九덢잺,九덢잺,九덢잺,,,九덢잺,,,,,,,九덢잺,九덢잺,九덢잺,,,九덢잺,,,,,,
1,210,,九덢잺,九덢잺,,九덢잺,九덢잺,九덢잺,九덢잺,九덢잺,,九덢잺,九덢잺,,,,,,,九덢잺,九덢잺,九덢잺,,九덢잺,九덢잺,,,,,,
1,301,,九덢잺,,,九덢잺,九덢잺,,九덢잺,,,,九덢잺,,,,,,,,九덢잺,,,,九덢잺,,,,,,
1,302,,九덢잺,,,,九덢잺,,,九덢잺,,,九덢잺,,,,,,,,,九덢잺,,,九덢잺,,,,,,
1,303,,九덢잺,九덢잺,,九덢잺,九덢잺,,九덢잺,九덢잺,,,九덢잺,,,,,,,,九덢잺,,,,九덢잺,,,,,,
1,304,,九덢잺,九덢잺,,九덢잺,九덢잺,九덢잺,九덢잺,九덢잺,,,九덢잺,,,,,,,九덢잺,九덢잺,九덢잺,,,九덢잺,,,,,,
1,305,,九덢잺,九덢잺,,九덢잺,九덢잺,,九덢잺,九덢잺,,,九덢잺,,,,,,,,九덢잺,九덢잺,,,九덢잺,,,,,,
1,306,,九덢잺,九덢잺,,九덢잺,九덢잺,,九덢잺,九덢잺,,,九덢잺,,,,,,,九덢잺,九덢잺,九덢잺,,,九덢잺,,,,,,
1,307,,九덢잺,九덢잺,,九덢잺,九덢잺,九덢잺,九덢잺,九덢잺,,,九덢잺,,,,,,,九덢잺,九덢잺,九덢잺,,,九덢잺,,,,,,
1,308,,九덢잺,九덢잺,,九덢잺,九덢잺,九덢잺,九덢잺,九덢잺,,,九덢잺,,,,,,,九덢잺,九덢잺,九덢잺,,,九덢잺,,,,,,
1,309,,九덢잺,九덢잺,,九덢잺,九덢잺,,九덢잺,九덢잺,,,九덢잺,,,,,,,,九덢잺,九덢잺,,,九덢잺,,,,,,
1,310,,九덢잺,九덢잺,,九덢잺,九덢잺,九덢잺,九덢잺,九덢잺,,,九덢잺,,,,,,,九덢잺,九덢잺,九덢잺,,,九덢잺,,,,,,
1,401,,九덢잺,,,九덢잺,九덢잺,,九덢잺,,,,九덢잺,,,,,,,,九덢잺,九덢잺,,,九덢잺,,,,,,
1,402,,九덢잺,九덢잺,,九덢잺,九덢잺,,,九덢잺,,九덢잺,九덢잺,,,,,,,,,,,,,,,,,,
1,403,,九덢잺,,,九덢잺,九덢잺,,九덢잺,九덢잺,,,九덢잺,,,,,,,,,,,,九덢잺,,,,,,
1,404,,九덢잺,,,九덢잺,九덢잺,,,九덢잺,,,九덢잺,,,,,,,,,九덢잺,,,九덢잺,,,,,,
1,405,,九덢잺,九덢잺,,九덢잺,九덢잺,,九덢잺,,,,九덢잺,,,,,,,,九덢잺,,,,九덢잺,,,,,,
1,406,,九덢잺,九덢잺,,九덢잺,九덢잺,,,,,九덢잺,九덢잺,,,,,,,,,九덢잺,,,九덢잺,,,九덢잺,,,
1,407,,九덢잺,九덢잺,,九덢잺,九덢잺,,,九덢잺,,,九덢잺,,,,,,,,九덢잺,,,,九덢잺,,,,,,
1,408,,九덢잺,九덢잺,,九덢잺,九덢잺,,,九덢잺,,九덢잺,九덢잺,,,,,,,,,九덢잺,,,九덢잺,,,,,,
1,409,,九덢잺,九덢잺,,九덢잺,九덢잺,,,九덢잺,,,九덢잺,,,,,,,,,九덢잺,,,九덢잺,,,,,,
1,410,,九덢잺,九덢잺,,九덢잺,九덢잺,九덢잺,,九덢잺,,,九덢잺,,九덢잺,,,,九덢잺,,九덢잺,九덢잺,,,九덢잺,,,,,,
1,501,,九덢잺,,,九덢잺,九덢잺,,九덢잺,,,,九덢잺,,,,,,,,九덢잺,,,,九덢잺,,,,,,
1,502,,九덢잺,九덢잺,,九덢잺,九덢잺,,,,,,九덢잺,,,,,,,九덢잺,九덢잺,九덢잺,,九덢잺,九덢잺,,,,,,
1,503,,九덢잺,九덢잺,,九덢잺,九덢잺,,,,,,九덢잺,,,,,,,,九덢잺,,,,九덢잺,,,,,,
1,504,,九덢잺,九덢잺,,九덢잺,九덢잺,,,九덢잺,,,九덢잺,,,,,,,九덢잺,,九덢잺,,九덢잺,九덢잺,,,,,,
1,505,,九덢잺,,,九덢잺,九덢잺,,九덢잺,,,,九덢잺,,,,,,,,九덢잺,,,,九덢잺,,,,,,
1,506,,九덢잺,九덢잺,,九덢잺,九덢잺,,,九덢잺,,,九덢잺,,,,,,,,九덢잺,九덢잺,,,九덢잺,,,,,,
1,507,,九덢잺,九덢잺,,九덢잺,九덢잺,,九덢잺,九덢잺,,,九덢잺,,,,,,,,九덢잺,,,,九덢잺,,,,,,
1,508,,九덢잺,,,九덢잺,九덢잺,,九덢잺,九덢잺,,,九덢잺,,,,,,,,九덢잺,九덢잺,,,九덢잺,,,,,,
1,509,,九덢잺,九덢잺,,九덢잺,九덢잺,,,,,,九덢잺,,,,,,,,,,,,九덢잺,,,,,,
1,510,,九덢잺,九덢잺,,九덢잺,九덢잺,,九덢잺,九덢잺,,九덢잺,九덢잺,,,,,,,,九덢잺,九덢잺,,九덢잺,九덢잺,,,,,,
2,101,,九덢잺,,,九덢잺,九덢잺,九덢잺,九덢잺,九덢잺,,,九덢잺,,,,,,,,九덢잺,九덢잺,,,九덢잺,,九덢잺,,,,
2,102,,九덢잺,九덢잺,,九덢잺,九덢잺,九덢잺,九덢잺,九덢잺,,,九덢잺,九덢잺,九덢잺,,,,九덢잺,九덢잺,九덢잺,九덢잺,,,九덢잺,,九덢잺,,,,
2,103,,九덢잺,,,九덢잺,九덢잺,,九덢잺,九덢잺,,,九덢잺,,,,,,,,九덢잺,九덢잺,,,九덢잺,,九덢잺,,,,
2,104,,九덢잺,,,九덢잺,九덢잺,九덢잺,九덢잺,九덢잺,,,九덢잺,,,,,,,九덢잺,九덢잺,九덢잺,,,九덢잺,,九덢잺,,,,
2,105,,九덢잺,,,九덢잺,九덢잺,九덢잺,九덢잺,九덢잺,,,九덢잺,,,,,,,九덢잺,九덢잺,九덢잺,,,九덢잺,,九덢잺,,,,
2,106,,九덢잺,九덢잺,,九덢잺,九덢잺,九덢잺,九덢잺,九덢잺,,,九덢잺,九덢잺,九덢잺,九덢잺,,,九덢잺,九덢잺,九덢잺,九덢잺,,,九덢잺,,九덢잺,,,,
2,107,九덢잺,九덢잺,,,九덢잺,九덢잺,九덢잺,九덢잺,九덢잺,,,九덢잺,,,,,,,九덢잺,九덢잺,九덢잺,,,九덢잺,,九덢잺,,,,
2,108,,九덢잺,,,九덢잺,九덢잺,九덢잺,九덢잺,九덢잺,,,九덢잺,九덢잺,九덢잺,,,,九덢잺,九덢잺,九덢잺,九덢잺,,,九덢잺,,九덢잺,,,,
2,109,,九덢잺,,,九덢잺,九덢잺,,九덢잺,九덢잺,,,九덢잺,,,,,,,九덢잺,九덢잺,,,,九덢잺,,九덢잺,,,,
2,110,,九덢잺,九덢잺,,九덢잺,九덢잺,九덢잺,九덢잺,九덢잺,,,九덢잺,九덢잺,九덢잺,九덢잺,,九덢잺,九덢잺,九덢잺,九덢잺,九덢잺,,,九덢잺,,九덢잺,,,,
2,201,,九덢잺,九덢잺,,九덢잺,九덢잺,九덢잺,九덢잺,九덢잺,,,九덢잺,,,,,,,九덢잺,九덢잺,九덢잺,,,九덢잺,,,,,,
2,202,,九덢잺,,,九덢잺,九덢잺,九덢잺,九덢잺,九덢잺,,,九덢잺,九덢잺,九덢잺,,,,九덢잺,九덢잺,九덢잺,九덢잺,,,九덢잺,,九덢잺,,,九덢잺,九덢잺
2,203,,九덢잺,九덢잺,,九덢잺,九덢잺,九덢잺,九덢잺,九덢잺,,,九덢잺,,,,,,,九덢잺,九덢잺,九덢잺,,,九덢잺,,九덢잺,,,,
2,204,,九덢잺,九덢잺,,九덢잺,九덢잺,九덢잺,九덢잺,九덢잺,,,九덢잺,九덢잺,九덢잺,,,,九덢잺,九덢잺,九덢잺,九덢잺,,,九덢잺,,九덢잺,,,,
2,205,,九덢잺,,,九덢잺,九덢잺,九덢잺,九덢잺,九덢잺,,,九덢잺,,,,,,,九덢잺,九덢잺,九덢잺,,,九덢잺,,九덢잺,,,,
2,206,九덢잺,九덢잺,,,九덢잺,九덢잺,九덢잺,九덢잺,九덢잺,,,九덢잺,,,,,,,九덢잺,九덢잺,九덢잺,,,九덢잺,,九덢잺,,,,
2,207,,九덢잺,,,九덢잺,九덢잺,九덢잺,九덢잺,九덢잺,,,九덢잺,,,,,,,九덢잺,九덢잺,九덢잺,,,九덢잺,,九덢잺,,,,
2,208,,九덢잺,,,九덢잺,九덢잺,九덢잺,九덢잺,九덢잺,,,九덢잺,,,,,,,九덢잺,九덢잺,九덢잺,,,九덢잺,,九덢잺,,,,
2,209,,九덢잺,九덢잺,,九덢잺,九덢잺,九덢잺,九덢잺,九덢잺,,,九덢잺,,,,,,,九덢잺,九덢잺,九덢잺,,,九덢잺,,九덢잺,,,,
2,210,,九덢잺,九덢잺,,九덢잺,九덢잺,九덢잺,九덢잺,九덢잺,,,九덢잺,,九덢잺,九덢잺,,九덢잺,九덢잺,九덢잺,九덢잺,九덢잺,,,九덢잺,,九덢잺,,,,
2,212,,九덢잺,,,九덢잺,九덢잺,九덢잺,九덢잺,九덢잺,,,九덢잺,九덢잺,九덢잺,九덢잺,,九덢잺,九덢잺,九덢잺,九덢잺,九덢잺,,,九덢잺,,,,,,
2,213,,九덢잺,九덢잺,,九덢잺,九덢잺,九덢잺,九덢잺,九덢잺,,,九덢잺,,九덢잺,九덢잺,,九덢잺,九덢잺,九덢잺,九덢잺,九덢잺,,,九덢잺,,,,,,
2,301,九덢잺,九덢잺,九덢잺,,九덢잺,九덢잺,九덢잺,九덢잺,九덢잺,,,九덢잺,九덢잺,九덢잺,,,,九덢잺,九덢잺,九덢잺,九덢잺,,,九덢잺,九덢잺,九덢잺,九덢잺,,九덢잺,九덢잺
2,302,,九덢잺,九덢잺,,九덢잺,九덢잺,九덢잺,九덢잺,九덢잺,,,九덢잺,九덢잺,九덢잺,九덢잺,,九덢잺,九덢잺,九덢잺,九덢잺,九덢잺,,九덢잺,九덢잺,九덢잺,九덢잺,九덢잺,,九덢잺,九덢잺
2,303,九덢잺,九덢잺,,,九덢잺,九덢잺,九덢잺,九덢잺,九덢잺,,,九덢잺,,,,,,,九덢잺,九덢잺,九덢잺,,,九덢잺,九덢잺,九덢잺,九덢잺,,,九덢잺
2,304,九덢잺,九덢잺,九덢잺,,九덢잺,九덢잺,九덢잺,九덢잺,九덢잺,,,九덢잺,九덢잺,九덢잺,九덢잺,,,九덢잺,九덢잺,九덢잺,九덢잺,,,九덢잺,九덢잺,九덢잺,九덢잺,,九덢잺,九덢잺
2,305,,,,,,,,,,,,,,,,,,,,,,,,,九덢잺,九덢잺,九덢잺,,九덢잺,九덢잺
2,306,,九덢잺,九덢잺,,九덢잺,九덢잺,九덢잺,九덢잺,九덢잺,,九덢잺,九덢잺,九덢잺,九덢잺,九덢잺,,,九덢잺,九덢잺,九덢잺,九덢잺,,九덢잺,九덢잺,九덢잺,九덢잺,九덢잺,,九덢잺,九덢잺
2,307,,九덢잺,,,九덢잺,九덢잺,九덢잺,九덢잺,九덢잺,,,九덢잺,九덢잺,九덢잺,,,九덢잺,九덢잺,九덢잺,九덢잺,,,,九덢잺,,,,,,
2,308,,九덢잺,,,九덢잺,九덢잺,九덢잺,九덢잺,,,,九덢잺,九덢잺,九덢잺,九덢잺,,九덢잺,九덢잺,九덢잺,九덢잺,,,,九덢잺,,,,,,
2,309,,九덢잺,九덢잺,,九덢잺,九덢잺,九덢잺,九덢잺,九덢잺,,,九덢잺,,,,,,,九덢잺,九덢잺,九덢잺,,,九덢잺,九덢잺,九덢잺,九덢잺,,九덢잺,九덢잺
2,310,九덢잺,九덢잺,九덢잺,,九덢잺,九덢잺,九덢잺,九덢잺,九덢잺,,,九덢잺,九덢잺,九덢잺,九덢잺,,九덢잺,九덢잺,九덢잺,九덢잺,九덢잺,,,九덢잺,九덢잺,九덢잺,九덢잺,,九덢잺,九덢잺
2,401,,九덢잺,九덢잺,,九덢잺,九덢잺,九덢잺,九덢잺,九덢잺,,,九덢잺,,,,,,,九덢잺,九덢잺,九덢잺,,,九덢잺,九덢잺,九덢잺,九덢잺,,九덢잺,九덢잺
2,402,,九덢잺,九덢잺,,九덢잺,九덢잺,九덢잺,九덢잺,九덢잺,,,九덢잺,,,,,,,九덢잺,九덢잺,九덢잺,,,九덢잺,九덢잺,九덢잺,九덢잺,,,九덢잺
2,403,,九덢잺,九덢잺,,九덢잺,九덢잺,九덢잺,九덢잺,九덢잺,,,九덢잺,,,,,,,九덢잺,九덢잺,九덢잺,,,九덢잺,九덢잺,九덢잺,九덢잺,,九덢잺,九덢잺
2,404,,九덢잺,九덢잺,,九덢잺,九덢잺,九덢잺,九덢잺,九덢잺,,,九덢잺,,,,,,,九덢잺,九덢잺,九덢잺,,,九덢잺,九덢잺,九덢잺,九덢잺,,九덢잺,九덢잺
2,405,,九덢잺,,,九덢잺,九덢잺,九덢잺,九덢잺,九덢잺,,,九덢잺,,,,,,,九덢잺,九덢잺,九덢잺,,,九덢잺,九덢잺,九덢잺,,,九덢잺,
2,406,,九덢잺,九덢잺,,九덢잺,九덢잺,九덢잺,九덢잺,九덢잺,,,九덢잺,,,,,,,九덢잺,九덢잺,九덢잺,,,九덢잺,九덢잺,九덢잺,,,九덢잺,
2,407,九덢잺,九덢잺,九덢잺,,九덢잺,九덢잺,九덢잺,九덢잺,九덢잺,,,九덢잺,,,,,,,九덢잺,九덢잺,九덢잺,,,九덢잺,九덢잺,九덢잺,九덢잺,,九덢잺,九덢잺
2,408,九덢잺,九덢잺,九덢잺,,九덢잺,九덢잺,九덢잺,九덢잺,九덢잺,,,九덢잺,,,,,,,九덢잺,九덢잺,九덢잺,,,九덢잺,九덢잺,九덢잺,九덢잺,,九덢잺,九덢잺
2,409,,九덢잺,九덢잺,,九덢잺,九덢잺,九덢잺,九덢잺,九덢잺,,,九덢잺,,,,,,,九덢잺,九덢잺,九덢잺,,,九덢잺,九덢잺,九덢잺,九덢잺,,九덢잺,九덢잺
2,410,,九덢잺,九덢잺,,九덢잺,九덢잺,九덢잺,九덢잺,九덢잺,,,九덢잺,,,,,,,九덢잺,九덢잺,,,,九덢잺,九덢잺,九덢잺,九덢잺,,九덢잺,九덢잺
2,501,,九덢잺,九덢잺,,九덢잺,九덢잺,九덢잺,九덢잺,九덢잺,,,九덢잺,,,,,,,九덢잺,九덢잺,九덢잺,,,九덢잺,九덢잺,九덢잺,九덢잺,,九덢잺,九덢잺
2,502,,九덢잺,九덢잺,,九덢잺,九덢잺,九덢잺,九덢잺,九덢잺,,九덢잺,九덢잺,,,,,,,九덢잺,九덢잺,九덢잺,,,九덢잺,九덢잺,九덢잺,九덢잺,,九덢잺,九덢잺
2,503,,九덢잺,九덢잺,,九덢잺,九덢잺,九덢잺,九덢잺,九덢잺,,,九덢잺,,,,,,,九덢잺,九덢잺,九덢잺,,,九덢잺,九덢잺,,九덢잺,九덢잺,九덢잺,九덢잺
2,504,,九덢잺,九덢잺,,九덢잺,九덢잺,九덢잺,九덢잺,九덢잺,,,九덢잺,,,,,,,九덢잺,九덢잺,九덢잺,,,九덢잺,九덢잺,,九덢잺,九덢잺,九덢잺,九덢잺
2,505,,九덢잺,九덢잺,,九덢잺,九덢잺,九덢잺,九덢잺,九덢잺,,,九덢잺,,,,,,,九덢잺,九덢잺,九덢잺,,,九덢잺,九덢잺,九덢잺,九덢잺,,九덢잺,九덢잺
2,506,,九덢잺,九덢잺,,九덢잺,九덢잺,九덢잺,九덢잺,九덢잺,,,九덢잺,,,,,,,九덢잺,九덢잺,九덢잺,,,九덢잺,九덢잺,九덢잺,九덢잺,,九덢잺,九덢잺
2,507,,九덢잺,九덢잺,,九덢잺,九덢잺,九덢잺,九덢잺,九덢잺,,,九덢잺,,,,,,,,九덢잺,九덢잺,,,九덢잺,九덢잺,九덢잺,,,九덢잺,
2,508,,九덢잺,九덢잺,,九덢잺,九덢잺,九덢잺,九덢잺,九덢잺,,,九덢잺,,,,,,,九덢잺,九덢잺,九덢잺,,,九덢잺,九덢잺,九덢잺,,,九덢잺,
2,509,,九덢잺,九덢잺,,九덢잺,九덢잺,九덢잺,九덢잺,九덢잺,,,九덢잺,,,,,,,九덢잺,九덢잺,九덢잺,,,九덢잺,九덢잺,九덢잺,九덢잺,,九덢잺,九덢잺
2,510,,九덢잺,九덢잺,,九덢잺,九덢잺,九덢잺,九덢잺,九덢잺,,,九덢잺,,,,,,,九덢잺,九덢잺,九덢잺,,,九덢잺,九덢잺,九덢잺,九덢잺,,九덢잺,九덢잺
